,Enzyme,RegionIndex,RegionData
0,">sp|A9GMG8|CE1_SORC5 Multifunctional esterase OS=Sorangium cellulosum (strain So ce56) OX=448385 GN=sce3277 PE=1 SV=1
","[20, 144]",ALPARGASLQKVNQSEWGADGLPSYVNMYIYVPDKLATKPPIVVAPHHCQGNGQGTFSEMSSLVSIANTSGFIMIFPEATGQNCWDAGSTRSLNHGGGGDTGAIVQMVKYTLAKYGGDAGRVYS
1,">sp|P12625|PHB_RALPI Poly(3-hydroxybutyrate) depolymerase OS=Ralstonia pickettii OX=329 PE=3 SV=1
","[20, 138]",CAFPLHAATAGPGAWSSQQTWAADSVNGGNLTGYFYWPASQPTTPNGKRALVLVLHGCVQTASGDVIDNANGAGFNWKSVADQYGAVILAPNATGNVYSNHCWDYANASPSRTAGHVG
2,">sp|P52090|PHA1_PAULE Poly(3-hydroxyalkanoate) depolymerase C OS=Paucimonas lemoignei OX=29443 GN=phaZ1 PE=3 SV=1
","[20, 130]",LFAAPIILAVSSSSVYALTQVSNFGTNPGNLQMFKHVPSGMPANAPLVVALHGCTQTAAAYEASGWSALGNTHKFYVVYPQQQSGNNSNKCFNWFEPGDITRGQGEALSI
3,">sp|P26495|PHAZ_PSEOL Poly(3-hydroxyalkanoate) depolymerase OS=Pseudomonas oleovorans OX=301 GN=phaZ PE=3 SV=1
","[20, 65]",VRPGKPHLTPLLIFNGIGANLELVFPFIEALDPDLEVIAFDVPGV
4,">tr|A0A0N0NC74|A0A0N0NC74_9ACTN Esterase, PHB depolymerase family OS=Actinobacteria bacterium OV320 OX=1592329 GN=OV320_4889 PE=4 SV=1
","[20, 141]",RTPRTTSPEPLPERDKRVSNSPGRALRSLCGALLLLLTAALLTAPAASARPQASAPVPAATLTEVTGFGANPSNLQMYVYAPANVTAHPSVLVAVHWCGGSGPAMYSGTEYSQLADQYGFV
5,">tr|G8S948|G8S948_ACTS5 PHB depolymerase family esterase OS=Actinoplanes sp. (strain ATCC 31044 / CBS 674.73 / SE50/110) OX=134676 GN=ACPL_6763 PE=4 SV=1
","[20, 144]",ATTTLVPASPAAAAALTEVTGFGTNPTGIRMYLYVPDHPAAKPAVLVAVHYCTGSGPAFYSGTEFKSLADQYGFIVIYPSTVRTGNCWDVSSAGALTHNGTSDPVGISSMVKYVQQRYATDPAR
6,">tr|A0A0N0N862|A0A0N0N862_9ACTN Esterase, PHB depolymerase family OS=Actinobacteria bacterium OK074 OX=1592327 GN=OK074_7045 PE=4 SV=1
","[20, 142]",VLLTVLFGGLLPLLASLLLVGPPATAASAAVPRQAQAAAALTEVTNFGANPSNLQMYLYVPTNVTAHPAVIVAVHYCTGSGPAMYSGTEYAQLADQYGFVVVYPSVTRASKCFDVSSPAALK
7,">tr|A0A0S2NUY8|A0A0S2NUY8_STRHL Esterase, PHB depolymerase family OS=Streptomyces hygroscopicus subsp. limoneus OX=264445 GN=SHL15_1037 PE=4 SV=1
","[25, 139]",RSEGTSDVPPTPHRSGTGPRKALVALLGALLPLLAALALAASPATARERAVPAATLTEVTGFGANPSNLRMYVYAPGNVTAHPAVVVAVHWCGGSASAMYSGTEWASLADRYGF
8,">tr|A0A4P2PUA2|A0A4P2PUA2_SORCE PHB depolymerase OS=Sorangium cellulosum OX=56 GN=SOCEGT47_006420 PE=3 SV=1
","[20, 98]",AALAALACSSQGDATAEASSGSDGAGGYAGPDTSGSGAAGGSSATGGPSATGGPSATGGSPATGGPSGGVSGAGGSGG
9,">tr|A0A2L0EQX4|A0A2L0EQX4_SORCE PHB depolymerase OS=Sorangium cellulosum OX=56 GN=SOCE26_031400 PE=3 SV=1
","[20, 97]",AALAALACSSQGDATAEASSGSGSAGGPAGSGTSGSGATGGPSGGVGGGGGGGGRPASGEGGAGGAGAAGSGSGGPG
10,">tr|A0A3B6WJD6|A0A3B6WJD6_BURPE Esterase, PHB depolymerase family protein OS=Burkholderia pseudomallei OX=28450 GN=ERS013345_02420 PE=4 SV=1
","[20, 142]",AALAALPARADVAAGPGAWSSQQTWGADTVNGGNLTGYFYWPATQPTTPNGKRALVLVLHGCLQSASGDVIDNSRGAGFNWKSVADRYGAIILAPNATGNVYGNHCWDYANTSPNRASGHVG
11,">tr|D8IWN7|D8IWN7_HERSS Poly(3-hydroxybutyrate) depolymerase protein OS=Herbaspirillum seropedicae (strain SmR1) OX=757424 GN=lpqC PE=4 SV=1
","[20, 121]",LSRRGLMACLLGLGLGVAAPPSAQAVDLSLKTIRVGNLSRAYFSERTSVGEARPLIIALHASGSSGSLMARATGLTEIAEAAGYMIAYPNGTGLAIDARTW
12,">tr|I0L979|I0L979_9ACTN Poly(3-hydroxyalkanoate) depolymerase C OS=Micromonospora lupini str. Lupac 08 OX=1150864 GN=phaZ PE=4 SV=1
","[20, 161]",AAAGAIALATPAQAATLTQVTGFGSNPGNLAMYAYRPDNLPANSPAVVLLHGCTQNASGYFAGSGWQKYADQWKFALIVAQQPSGNNANSCFNFFETGDTARGQGEALSIKQMVDHAKANFAVDGSRVFVSGLSAGGAMSA
13,">tr|D9TB98|D9TB98_MICAI Esterase, PHB depolymerase family OS=Micromonospora aurantiaca (strain ATCC 27029 / DSM 43813 / BCRC 12538 / CBS 129.76 / JCM 10878 / NBRC 16125 / NRRL B-16091 / INA 9442) OX=644283 GN=Micau_2972 PE=4 SV=1
","[20, 142]",AVGAALAVPGPASAAALTEVTNFGANPSNLRMYLYVPDTVAARPGLLVVNHYCTGSGPAMYSGTQFASLADRYGYIVVYPSVTRSSKCFDVSSPQALRRDGGSDPVGIKSMVDHVRQRYPVD
14,">tr|C6WEM6|C6WEM6_ACTMD Esterase, PHB depolymerase family OS=Actinosynnema mirum (strain ATCC 29888 / DSM 43827 / NBRC 14064 / IMRU 3971) OX=446462 GN=Amir_3959 PE=4 SV=1
","[27, 140]",GFGANPSGLRMHLYVPDRVASRPAVLLAVHYCTGSGPAFHSGTEYARLADQHGFVVIYPSATRSGNCFDVSSPQALRRDGGSDPVGLMSMVRHTLQRYNGDPARVFVTGTSSG
15,">tr|R4LHZ8|R4LHZ8_9ACTN PHB depolymerase family esterase OS=Actinoplanes sp. N902-109 OX=649831 GN=L083_3181 PE=4 SV=1
","[20, 133]",GVVAAQPASAASLVQVTSFGNNPGGMEMYVYVPDVRPASPAIVVAMHGCGGSGPGFYAGSEFASLADRYGFIVIYPSAQQQAGFGKCFDTWSAASKVRGGGSDPVSIVSMVTY
16,">tr|D5UI52|D5UI52_CELFN Esterase, PHB depolymerase family OS=Cellulomonas flavigena (strain ATCC 482 / DSM 20109 / BCRC 11376 / JCM 18109 / NBRC 3775 / NCIMB 8073 / NRS 134) OX=446466 GN=Cfla_2509 PE=4 SV=1
","[20, 128]",ALLALALAGAAQLATAPPAQAASLVEVQNFGSNPGGLRMHLFVPDRLQSQPGILVVSHYCTGSAQAMFTGHQFDELASQYGFIAIYPSTNRPGNCFDVSSVNAIVHDG
17,">tr|D6Y5D9|D6Y5D9_THEBD Esterase, PHB depolymerase family OS=Thermobispora bispora (strain ATCC 19993 / DSM 43833 / CBS 139.67 / JCM 10125 / KCTC 9307 / NBRC 14880 / R51) OX=469371 GN=Tbis_2633 PE=4 SV=1
","[20, 130]",VMPGPAASAAALTEVTNFGPNPGNLRMYLYVPNALAPNPGVVVAMHGCNGTATGFYQSTEFASLADRYGFIVIYPQANKSIGGMTNCFDVWSNEALRHDGGSDPVSIVSM
18,">tr|D6Y462|D6Y462_THEBD Esterase, PHB depolymerase family OS=Thermobispora bispora (strain ATCC 19993 / DSM 43833 / CBS 139.67 / JCM 10125 / KCTC 9307 / NBRC 14880 / R51) OX=469371 GN=Tbis_0388 PE=4 SV=1
","[20, 135]",GAILALPASAASLVEVTDFGPNPTNLRMHLYVPDRVQQRPPVLVAVHYCTGSGPAFYAGTEFASLADRYGFIVIYPSATRSGQCFDVSSPETLRHNGGSDSLAIVSMVRYVLQRY
19,">tr|A0A1I9YZM5|A0A1I9YZM5_9NOCA Poly(3-hydroxybutyrate) depolymerase OS=Nocardia seriolae OX=37332 GN=phaZ PE=4 SV=1
","[20, 118]",ASMVTAAVPSPTPGALQGYNISATYVSGVSSGGYMANQLHIAYSGVFAGAGIFTAGPYRCAGDFDYAVRAQNSCMQNGSGRQTPAQLETETRDLASQG
20,">tr|R4L717|R4L717_9ACTN PHB depolymerase family esterase OS=Actinoplanes sp. N902-109 OX=649831 GN=L083_1782 PE=4 SV=1
","[20, 144]",VAGVLVAAPPASAASLVEVTSFGTNPTGLRMHIYVPDNRPAKPALLVAVHYCTGSGPAFYSGTQFASLADRYGFIVVYPSATRSGSCFDVSSPGALRHDGTSDPVGIVSMVRYAQQQYGADPAR
21,">tr|F4FG95|F4FG95_MICM1 PHB depolymerase family esterase OS=Micromonospora maris (strain DSM 45365 / JCM 31040 / NBRC 109089 / NRRL B-24793 / AB-18-032) OX=263358 GN=VAB18032_19655 PE=4 SV=1
","[20, 128]",LAVTGVLFAPSPASAASLVEVTNFGTNPGNMRMHIYVPDVRPANPAVVVAMHGCGGNGPGFYSGSEFGRLADQYGFVVIYPTATQQAGFGNCFDVWSAASKVRNGGSD
22,">tr|D9T019|D9T019_MICAI Esterase, PHB depolymerase family OS=Micromonospora aurantiaca (strain ATCC 27029 / DSM 43813 / BCRC 12538 / CBS 129.76 / JCM 10878 / NBRC 16125 / NRRL B-16091 / INA 9442) OX=644283 GN=Micau_3729 PE=4 SV=1
","[20, 138]",VIPAVQPAYAASLTEVTSFGDNPGRMRMHVYVPDARPARPATVVAMHGCGGSGPGFYSGSEFAGLADRYGFIVIYPSATQQAGFGNCFDTWSDAAKRRGGGSDPVSLISMVRYVQQQY
23,">tr|A0LR94|A0LR94_ACIC1 Esterase, PHB depolymerase family OS=Acidothermus cellulolyticus (strain ATCC 43068 / 11B) OX=351607 GN=Acel_0179 PE=4 SV=1
","[26, 151]",LGAGGARAASTGPIPPGVLTQVTNFGTNPTALNMYVYVPQNLAARPALLVAIHYCTGSAQALFSGYAHDFVTAADRYGYIIVFPEATRSGQCFDVYSPQALARNGGSDPQGVMSMVSWVESQYPI
24,">tr|U5W1M8|U5W1M8_9ACTN Esterase, PHB depolymerase family protein OS=Actinoplanes friuliensis DSM 7358 OX=1246995 GN=AFR_18035 PE=4 SV=1
","[20, 151]",PAAAASLQEVTAFGANPTGLRMHLYVPDRLPTNPAVLVAVHYCTGSGPAFYSGTQFASLADRYGYIVIYPSATRSGNCFDVSSPGALRHDGNSDPQGIVSMVRYVQDRYRTDPARTFVTGASSGAMMTNVL
25,">tr|F4FAW5|F4FAW5_MICM1 Esterase, phb depolymerase family protein OS=Micromonospora maris (strain DSM 45365 / JCM 31040 / NBRC 109089 / NRRL B-24793 / AB-18-032) OX=263358 GN=VAB18032_24150 PE=4 SV=1
","[20, 140]",AALSIPSPASAATLTEVTNFGANPSNLRMYLYVPDRVAPRPGLLVAIHYCTGTGPALHSGTRFAALADQYGYIVIYPSVTRSSQCFDVSSPQALRRGGGSDPVGIMSMVDHVRSRYSVDP
26,">tr|I0L6W0|I0L6W0_9ACTN Secreted esterase, PHB depolymerase family OS=Micromonospora lupini str. Lupac 08 OX=1150864 GN=MILUP08_44432 PE=4 SV=1
","[20, 157]",LVAPTLQPAYAASLTEVTAFGDNPGRMRMHVYVPDTRPTRPAVVVAMHGCGGSGPGFYSGSEFAAQADRYGFIVIYPSATQQAGFGNCFDTWSDAAKRRGGGSDPVSIISMVRYAQQQYGADPDRVYATGSSSGGMM
27,">tr|A0A1C4Z307|A0A1C4Z307_9ACTN Esterase, PHB depolymerase family OS=Micromonospora chokoriensis OX=356851 GN=GA0070612_5707 PE=4 SV=1
","[20, 135]",VIPAFRPAYAASLTEVTSFGDNPGRMRMHVYVPDNRPARPATVVAMHGCGGSGPGFYSGSEFAGLADRYGYIVIYPSATQQAGFGNCFDTWSDAAKRRGGGSDPVSIISMIRYVQ
28,">tr|A0A1C4XRS0|A0A1C4XRS0_9ACTN Esterase, PHB depolymerase family OS=Micromonospora chokoriensis OX=356851 GN=GA0070612_3888 PE=4 SV=1
","[20, 137]",ALTFAAPASAATLTQVSNFGTNPTNLQMHLYVPDRVASRPAILLALHYCTGTGPAFHSGTQYASLADRYGFIVIYPSATRSSKCWDVYSPQALRRGGGSDPVGLMSMVDYVKQRYSA
29,">tr|A0A1H1C7T9|A0A1H1C7T9_9ACTN Esterase, PHB depolymerase family OS=Thermostaphylospora chromogena OX=35622 GN=SAMN04489764_1342 PE=4 SV=1
","[20, 148]",TVISGSPAAAATLVEVTNFGNNPGNMRMHVYVPDSRPASPAIVVAMHGCGGSGPGFYQSSEFASLADRYGFIVIYPTATQSAGFGNCFDTWSDAAKQRGGGSDPVSIISMIDYVERNYQGDPNRVYAT
30,">tr|A0A4P7SGC1|A0A4P7SGC1_9CELL PHB depolymerase family esterase OS=Cellulomonas shaoxiangyii OX=2566013 GN=E5225_05010 PE=4 SV=1
","[20, 143]",LTVAAAGGVALTATAPPAQAASLVEVSGFGTNPGGLRMHLFVPDRLAANPGVLVVVHYCTGSAQAMYSGAQFDELASQHGFIAIYPSTNRPGSCFDVSSANALVRDGGSDPQSIVQMVRHVQQ
31,">tr|A0A1H5E8W9|A0A1H5E8W9_9ACTN Esterase, PHB depolymerase family OS=Streptomyces misionensis OX=67331 GN=SAMN04490357_6152 PE=4 SV=1
","[20, 144]",LLAAYLLAAPGAQAASLTEVTNFGNNPGNLRMYEYVPASAGAHPPVLVAVHYCTGTGPGFYAGTEFASLADRYGFIVVYPDANVSGQCFDVSSPQALTHNGGSDPTSIVSMVSYVEQHNGADAG
32,">tr|A0A1A8ZDN6|A0A1A8ZDN6_9ACTN Esterase, PHB depolymerase family OS=Micromonospora narathiwatensis OX=299146 GN=GA0070621_1390 PE=4 SV=1
","[20, 145]",LAAVTTATPASAAALTEVTNFGTNPSNLRMYLYVPDRVAPQPALVVAIHYCTGTGPAFYSGTQFASLADRYGYIVVYPSVTRSSQCFDVSSPQALRRDGGSDPVGIMSMVNYVRQRYNVDPNRIF
33,">tr|A0A1A8ZHP7|A0A1A8ZHP7_9ACTN Esterase, PHB depolymerase family OS=Micromonospora auratinigra OX=261654 GN=GA0070611_2306 PE=4 SV=1
","[20, 129]",ALLAAQPASAATLTQVTNFGTNPTNLNMYVYAPTTLAPKPALLLLVHYCSGSASGIFSGNGHDYVTAADRYGYLIVLPEATRSGHCFDVSSPAALRRNGGSDSTGIMSM
34,">tr|A0A1C5AU90|A0A1C5AU90_9ACTN Esterase, PHB depolymerase family OS=Micromonospora carbonacea OX=47853 GN=GA0070563_119117 PE=4 SV=1
","[20, 146]",VAPSFQPAYAASLVEVTSFGNNPGRMRMHVYVPDNRPARPATVIAMHGCGGSGPAFYSGSEFASLADRYGFIVIYPTATQQAGFGNCFDTWSDAAKRHDGGSDPVSLVSMVRYAQQQYNADPERVY
35,">tr|A0A1C5AWK6|A0A1C5AWK6_9ACTN Esterase, PHB depolymerase family OS=Micromonospora carbonacea OX=47853 GN=GA0070563_12314 PE=4 SV=1
","[20, 137]",AAVTAPAPASAAALTEVTNFGANPSNLRMYLYVPDRVAPRPGLLVAVHYCTGTGPAFFNGAQFDELANQYGYIVVYPSVTRSSQCFDVSSPQALRRDGGSDPVGIKSMIDYVRARYP
36,">tr|A0A1N7GLK7|A0A1N7GLK7_9ACTN Esterase, PHB depolymerase family OS=Microbispora rosea OX=58117 GN=SAMN05421833_13025 PE=4 SV=1
","[20, 152]",ALASVLVSAHPAAAATLTEVTGFGANPGNLRMYLYVPNSVQQNPPIVLAMHTCGGTGPGFYSSTEFASLADRYGFIVIYPSASKKMNCFDNWSEASKVRGGQTDPVSLMSMVTYVEQQYHGDPNRVFATGAS
37,">tr|A0A1C4ZXN7|A0A1C4ZXN7_MICEC Esterase, PHB depolymerase family OS=Micromonospora echinospora OX=1877 GN=GA0070618_5943 PE=4 SV=1
","[20, 137]",AAVTVPTPASAATLTEVTGFGPNPSNLRMYLYVPDRVAPRPALVVAVHYCTGSGPAMYSGTQYAALADRYGYIVVYPSVTRSSKCFDVSSPQALRRGGGSDPVGIMSMVDHVRQRYD
38,">tr|A0A1C5HF37|A0A1C5HF37_9ACTN Esterase, PHB depolymerase family OS=Micromonospora rifamycinica OX=291594 GN=GA0070623_1162 PE=4 SV=1
","[20, 130]",AAIAAPTPASAATLTQVTNFGANPSNLQMYLYVPNTVAARPGLLVAVHYCTGSGPAFYSGTQYAALADRYGYIVIYPSVTRSSKCFDVSSPQALRRDGGSDPVGIKSMID
39,">tr|A0A1C5HHK9|A0A1C5HHK9_9ACTN Esterase, PHB depolymerase family OS=Micromonospora rifamycinica OX=291594 GN=GA0070623_1257 PE=4 SV=1
","[24, 141]",VAPPASAAALTQVTNFGTNPTNLQMHLYVPDRVAARPALLLALHYCTGSGPAVHSTYGLSSLADRYGYIVIYPSVTRSSKCWDVSSPQALRRDGGSDPVGLKSMIDYVRGRYPVDAG
40,">tr|A0A285IKQ4|A0A285IKQ4_9ACTN Esterase, PHB depolymerase family OS=Actinoplanes atraurantiacus OX=1036182 GN=SAMN05421748_10928 PE=4 SV=1
","[20, 139]",APASAASLQEITGFGTNPTNLRMHLYVPDRLPTAPALLVAVHYCTGTGPAFYSGTEFASLADQYGFIVIYPSATRSGQCFDVSTQGALKHDGNSDPVGIVSMVRYVQQRYGTDAARTFV
41,">tr|A0A239CJ09|A0A239CJ09_9ACTN Esterase, PHB depolymerase family OS=Streptosporangium subroseum OX=106412 GN=SAMN05216276_1005217 PE=4 SV=1
","[20, 148]",ALVTAPPASSASLTEVTGFGTNPTNLRMHLYVPDRVAARPAIVVAVHYCTGTGPAFYSGTEFASLADRYGFIVIYPSATRSGACFDVSSPQALRHDGGSDPVGIVSMVRYVQQRNNADPGQVYVVGAS
42,">tr|A0A1A9BBQ6|A0A1A9BBQ6_9ACTN Esterase, PHB depolymerase family OS=Micromonospora sediminicola OX=946078 GN=GA0070622_3985 PE=4 SV=1
","[22, 146]",VAALAAPSPAAAASLTEVTNFGANPSNLRMYLYVPNAVAARPGLLVVNHYCTGSGPAMYSGTQFAALADRYGYVVVYPSVTRSSKCFDVSSPQALRRDGGSDPVGIKSMVDYVRQRYPVDPERI
43,">tr|A0A1A9BAG0|A0A1A9BAG0_9ACTN Esterase, PHB depolymerase family OS=Micromonospora sediminicola OX=946078 GN=GA0070622_2980 PE=4 SV=1
","[20, 131]",VVPTVRPAYAATLTEVTSFGDNPGRMRMHVYVPDSRPARPATVVAMHGCGGSGPGFYSGSEFAALADRYGFIVIYPTATQQAGFGNCFDTWSDAAKRRGGGSDPVSIISMI
44,">tr|A0A1H3Q4J4|A0A1H3Q4J4_9ACTN Esterase, PHB depolymerase family OS=Micromonospora pattaloongensis OX=405436 GN=SAMN05444365_105239 PE=4 SV=1
","[20, 129]",AVAFAPSASAATLTEVTNFGTNPSNLRMHLYVPDRVAARPAILVAVHYCTGTGPAFYSGTQFASLADRYGYIVIYPSATRSGQCFDVYSPQALRRDGGSDPVSIMSMVR
45,">tr|A0A1H3T8X4|A0A1H3T8X4_9ACTN Esterase, PHB depolymerase family OS=Micromonospora pattaloongensis OX=405436 GN=SAMN05444365_11923 PE=4 SV=1
","[20, 133]",VVPTLRPAYAASLAEVTSFGDNPGRMRMHVYVPDSRPARPATVVVMHGCGGSGPGFYSGSEFAGLADRYGFIVIYPTATQQAGFGNCFDVWSDAAKRRGGGSDPVSILSMIRY
46,">tr|A0A1H6VH67|A0A1H6VH67_9ACTN Esterase, PHB depolymerase family OS=Micromonospora phaseoli OX=1144548 GN=SAMN05443287_102634 PE=4 SV=1
","[20, 128]",IALAPSPASAASLVEVTSFGSNPGNMRMHVYVPDSRPSNPPIVVAMHGCGGSGSGFYSSSEFARLADQFGYIVIYPTATQQAGFGNCFDVWSTASKRRDGGSDPVSIM
47,">tr|A0A1H6V8E6|A0A1H6V8E6_9ACTN Esterase, PHB depolymerase family OS=Micromonospora phaseoli OX=1144548 GN=SAMN05443287_102583 PE=4 SV=1
","[22, 134]",LSVPTPASAATLTEVTNFGTNPSNLRMYLYVPDRVAPRPGLLVAVHYCTGTGPAMHSGTQFASLADQYGYIVIYPSVTRSSQCFDVYSPQALRRGGGSDPVGIMSMVDYVRA
48,">tr|A0A1C5GC92|A0A1C5GC92_9ACTN Esterase, PHB depolymerase family OS=Micromonospora echinofusca OX=47858 GN=GA0070610_2978 PE=4 SV=1
","[20, 135]",AAVTLAPPASAATLTEVTNFGPNPSSLRMYLYVPDAVAPRPGLLVAVHYCTGTGPAMYANTQYAALADRYGYIVVYPSVTRSSQCFDVSSPQALRRDGGSDPVGIKSMVDHVRQR
49,">tr|A0A1C6TQL8|A0A1C6TQL8_9ACTN Esterase, PHB depolymerase family OS=Micromonospora citrea OX=47855 GN=GA0070606_0136 PE=4 SV=1
","[20, 133]",AAMTVTAPASAAALTEVTNFGPNPSNLRMYLYVPDTVAPRPGLLVAVHYCTGTGPAFHSGTQFAALADRYGYIVVYPSVTRSSQCFDVSSPQALRRGGGSDPVGIMSMVDHVR
50,">tr|A0A1G7C2P1|A0A1G7C2P1_9ACTN Esterase, PHB depolymerase family OS=Glycomyces harbinensis OX=58114 GN=SAMN05216270_118116 PE=4 SV=1
","[20, 137]",FVAAAALVAVMMPRPASAASLTEITNFGNNPSNLQMYLYVPDNVDPEPALVVALHYCTGSGPAFHSGTEWAQLADQHGFVVLYPSVTRSSKCWDVSSPASLSGGGSDSVGVKSMMDW
51,">tr|A0A1C6RB93|A0A1C6RB93_9ACTN Esterase, PHB depolymerase family OS=Micromonospora nigra OX=145857 GN=GA0070616_0430 PE=4 SV=1
","[20, 137]",VTAGLVAPALRPAYAASLTEVTSFGDNPGRMRMHVYVPDSRPARPATVVAMHGCGGSGPGFHSGSEFATLADRHGFIVIYPTATQQAGFGNCFDVWSDAAKRRDGGSDPVSIVSMLR
52,">tr|A0A1C6UDN2|A0A1C6UDN2_9ACTN Esterase, PHB depolymerase family OS=Micromonospora chersina OX=47854 GN=GA0070603_1323 PE=4 SV=1
","[20, 137]",AALAALTAPGPAAAAALTEVTNFGANPSNLRMYLYVPNTVAARPGLLVVNHYCTGSGPAMYSGTQFAALADRYGYLVVYPSVTRSSQCFDVSSPQALRRDGGSDPVGIKSMVDYVRQ
53,">tr|A0A1C4XIM5|A0A1C4XIM5_9ACTN Esterase, PHB depolymerase family OS=Micromonospora coriariae OX=285665 GN=GA0070607_5315 PE=4 SV=1
","[20, 140]",ALTFAAPASAATLTQVTGFGTNPTNLQMHLYVPDRVASRPAILLALHYCTGSGPAYHSGTQYASLADRYGFIVIYPSVTRSSLCWDVSSPQALRRGGGSDPVGLMSMVDYVRQRYSADPA
54,">tr|A0A4Y8V014|A0A4Y8V014_9CELL PHB depolymerase family esterase OS=Cellulomonas sp. HD19AZ1 OX=2559593 GN=E4A51_00765 PE=4 SV=1
","[20, 143]",ATLAAAVLALAAVGGAGVATAPPAQAASLVEVTGFGSNPGGLRMHLFVPDRVAPDPAVLVVVHYCTGSAQAMFNGSQFDELASQHGFIAVYPSTNRPGNCFDVSSAAAMTRDGGSDPQSIVQM
55,">tr|A0A1H2D938|A0A1H2D938_9ACTN Esterase, PHB depolymerase family OS=Actinoplanes derwentensis OX=113562 GN=SAMN04489716_8600 PE=4 SV=1
","[20, 140]",VTATLPASPASAAALTEVTGFGTNPTGIRMHLYVPDQLPTKPAVLVAVHYCTGSGPAFYSGTEFKSLADQYGFIVIYPSTVRTGNCWDVSSAGALTHNGNSDPVGITSMVSYVQQRYSTD
56,">tr|A0A1C5IKR0|A0A1C5IKR0_9ACTN Esterase, PHB depolymerase family OS=Micromonospora halophytica OX=47864 GN=GA0070560_11323 PE=4 SV=1
","[20, 136]",AAVAVPTPASAATLTEVTNFGANPSNLRMYLYVPDRVAPRPALVVAVHYCTGTGPAMYSGTQYAALADRYGYIVVYPSVTRSSQCFDVSSPQALRRDGGSDPVGIKSMIDHVRQRY
57,">tr|A0A1H3U9L0|A0A1H3U9L0_9ACTN Esterase, PHB depolymerase family OS=Asanoa ishikariensis OX=137265 GN=SAMN05421684_6820 PE=4 SV=1
","[20, 142]",ALMVPGLATPAAAASLAEVTNFGDNPGGMRMHIYVPDVRPAQPAIVVAMHGCGGSGPGFYSGSEFASLANQYGFIVIYPSATQQAGFGNCFDTWSDAAKRRGGGSDPVSIVSMVSYAQQRYG
58,">tr|A0A4U5X4V1|A0A4U5X4V1_STRGB PHB depolymerase family esterase OS=Streptomyces galbus OX=33898 GN=E4U92_09890 PE=4 SV=1
","[20, 136]",LRSALAALLLLCAAVLGAAAPAASAHAGDRAAAAVPAAALTEVTGFGANPSNLRMYVYVPASVTAHPAVLVAVHWCTGSGPDMYNGTEYASLADRLGFVVVYPSVTRASKCFDVSS
59,">tr|A0A1C6W364|A0A1C6W364_9ACTN Esterase, PHB depolymerase family OS=Micromonospora peucetia OX=47871 GN=GA0070608_5304 PE=4 SV=1
","[20, 144]",AAVSIAPPASAATLTEVTNFGPNPSNLRMYLYVPDSVAPRPGLLVAVHYCTGTGPAMYSNTQYAALADRYGYIVVYPSVTRSSQCFDVSSPQALRRDGGSDPVGIRSMVDHVRQRYAVDPDRIF
60,">tr|A0A1G8PXE2|A0A1G8PXE2_9PSEU Esterase, PHB depolymerase family OS=Lentzea albidocapillata subsp. violacea OX=128104 GN=SAMN04488074_101176 PE=4 SV=1
","[20, 136]",IAAVLVLIAAVALSLVAQPAQAASLVRVTNFGSNPTGLNMYVYAPDRLAERPALLVMVHYCTGSASAVHNGGGRDYVTAADRNGYVIVYPEATRDGHCFDVSTQNALRRNGGSDST
61,">tr|A0A5Q0H0H2|A0A5Q0H0H2_SACSY PHB depolymerase family esterase OS=Saccharothrix syringae OX=103733 GN=EKG83_22080 PE=4 SV=1
","[20, 133]",AIPLSTPASAASLTEVTNFGNNPGGMRMHVYVPDSRPANPGIVVAMHGCGGSGPGFYSGSEFASQADRYGFIVIYPSAQQEAGFGKCFDTWSDAAKRRGGGSDPVSIVSMVNY
62,">tr|A0A4S8PGB2|A0A4S8PGB2_9ACTN PHB depolymerase family esterase OS=Glycomyces paridis OX=2126555 GN=E9998_15935 PE=4 SV=1
","[20, 129]",LVAAAALIAVLIPKPASAAQLTEITGFGNNPSNLQMYLYVPDNVDPEPALVVAIHYCTGSGPAFHSGTEWAQLADQYGFIVLYPSVTRSSKCWDVSSPASLSGTGSDSV
63,">tr|A0A6C0FM08|A0A6C0FM08_9CELL PHB depolymerase family esterase OS=Cellulomonas sp. H30R-01 OX=2704467 GN=GXP71_10700 PE=4 SV=1
","[20, 136]",ALVGLLATMLTSAAPARAASLQEVTSFGSNPGGLRMFLFVPDNLPARPAVLVVNHYCTGSAQAMYSGAQFDELATRYGYIVVYPSTNRPGSCFDVSSSEALKHGGASDPTSIVSMV
64,">tr|A0A1C6R939|A0A1C6R939_9ACTN Esterase, PHB depolymerase family OS=Micromonospora nigra OX=145857 GN=GA0070616_0194 PE=4 SV=1
","[20, 128]",AAVSVPAPATAATLTEVTNFGANPSNLRMYLYVPDAVAPRPGLVVAVHYCTGTGPAMYSGTQFAALADRYGFIVVYPSVTRSSQCFDVSSPQALRRGGGSDPVGITSM
65,">tr|A0A1C5GJK6|A0A1C5GJK6_9ACTN Esterase, PHB depolymerase family OS=Micromonospora humi OX=745366 GN=GA0070213_10196 PE=4 SV=1
","[20, 129]",AVVTAAGPASAAALTQVTNFGTNPTNLQMHLYVPDRLPARPALLLVLHYCTGSGPAMHTGSGYSPLADRYGFIVIYPSVTRSSKCWDVSSPQALRRGGGSDPVGLKSMI
66,">tr|A0A7H8KC35|A0A7H8KC35_9ACTN PHB depolymerase family esterase OS=Verrucosispora sp. NA02020 OX=2742132 GN=HUT12_15605 PE=4 SV=1
","[20, 136]",AGVALSPSPAVAASLVEVTSFGNNPGNMRMHIYAPDNRPANPAIVVAMHGCGGSGTGFYSSSEFARLADQYGYLVIYPTATQQAGFGNCFDVWSAASKRRDGGSDPVSIMSMVSYA
67,">tr|A0A7H8KDP2|A0A7H8KDP2_9ACTN PHB depolymerase family esterase OS=Verrucosispora sp. NA02020 OX=2742132 GN=HUT12_15900 PE=4 SV=1
","[20, 125]",AALSVPTPASAATLTEVTNFGTNPSNLRMYLYVPDRVAPRPGLLVAVHYCTGSGPALHSGTQFAALADRYGYIVVYPSVTRSSQCFDVSSPQALRRGGGSDPVGI
68,">tr|A0A1C4XYA3|A0A1C4XYA3_9ACTN Esterase, PHB depolymerase family OS=Micromonospora haikouensis OX=686309 GN=GA0070558_13164 PE=4 SV=1
","[24, 134]",VPAPASAAALTEVTNFGANPSNLRMYLYVPDRVAPRPGLLVAVHYCTGTGPAFFNGAQFDELANQYGYIVIYPSVTRSSQCFDVSSPQALRRDGGSDPVGIKSMIDYVRA
69,">tr|A0A1C4X9L6|A0A1C4X9L6_9ACTN Esterase, PHB depolymerase family OS=Micromonospora matsumotoense OX=121616 GN=GA0070216_104235 PE=4 SV=1
","[20, 131]",VLVTAQPATAATLTRVTGFGNNPTNLNMYMYAPSNLAARPALLLLVHYCGGSASGIFNGNGRDYVTAADRYGYLVVVPEATRSGNCFDVSTPAALTRNGGGDSTGIMSMVA
70,">tr|A0A1H9LMC0|A0A1H9LMC0_9PSEU Esterase, PHB depolymerase family OS=Lentzea xinjiangensis OX=402600 GN=SAMN05216188_1082 PE=4 SV=1
","[20, 133]",VLIAAVALSFVPQPALAASLVRVTNFGTNPTGLNMYVYAPDNVAARPALLVMVHYCTGSASAVHNGGGRDFVTAADRNGYVIVYPEATREGRCFDVSTANALRRNGGSDSTGI
71,">tr|A0A1Y6BMK5|A0A1Y6BMK5_9ALTE Esterase, PHB depolymerase family OS=Alteromonadaceae bacterium Bs31 OX=1304903 GN=SAMN02745866_01241 PE=4 SV=1
","[20, 130]",ASYTLAASLEQVNSFGENPSDLDMYLYIPETMSENAPLLVAVHYCTGSGPAFFSGSQFATLADKYGFAVIYPSVTRASKCFDVASPEALTRNGGSDPLAIMSMVDYVLAN
72,">tr|A0A1H9IYC0|A0A1H9IYC0_9PSEU Esterase, PHB depolymerase family OS=Lentzea flaviverrucosa OX=200379 GN=SAMN05216195_10362 PE=4 SV=1
","[20, 140]",VLVLVAAVAISLVPQPAQAASLVRVTSFGTNPTGLNMYVYAPDRLAERPALLVMVHYCTGSASAVHNGGGRDYVTAADRNGYVIIYPEATRDGRCFDVSTQNGLRRNGGSDSTGIMSMVS
73,">tr|A0A505H9X7|A0A505H9X7_9ACTN PHB depolymerase family esterase OS=Micromonospora sp. XM-20-01 OX=2583240 GN=FJ969_22990 PE=4 SV=1
","[24, 142]",ALAVPGPASAAALTEVTNFGTNPSNLRMYLYVPDTVAARPGLLVVNHYCTGSGPAMYSGTQFASLADRYGYIVVYPSVTRSSKCFDVSSPQALRRDGGSDPVGIKSMVDYVRQRYPVD
74,">tr|A0A285GNK6|A0A285GNK6_9ACTN Esterase, PHB depolymerase family OS=Actinoplanes atraurantiacus OX=1036182 GN=SAMN05421748_102288 PE=4 SV=1
","[20, 124]",AVSAPRAAFAASLVEVTSFGSNPGGMRMHIYVPDSRPANPAIVVAMHGCGGSGPGFYSGSEFASLADRYGFLVIYPSAMQEAGFGKCFDTWSAASKQRNGGSDP
75,">tr|A0A1C6V3B2|A0A1C6V3B2_9ACTN Esterase, PHB depolymerase family OS=Micromonospora yangpuensis OX=683228 GN=GA0070617_4488 PE=4 SV=1
","[20, 132]",AAGLVMPTNSPAYAASLVEVTTFGDNPGRMRMHVYVPDTRPANPAIVVAMHGCGGSGPGFYSGSEFASLADRYGYVVIYPSATQQAGFGNCFDTWSDAAKRRGGGSDPVSII
76,">tr|A0A1C6U277|A0A1C6U277_9ACTN Esterase, PHB depolymerase family OS=Micromonospora yangpuensis OX=683228 GN=GA0070617_0748 PE=4 SV=1
","[20, 146]",VAVTVPAPASAATLTEVTNFGTNPSNLRMYLYVPDNVAPRPALVVAVHYCTGTGPAMYNGTQFDELANRYGYIVVYPSVTRSSQCFDVSSPQALRRDGGSDPVGIKSMIDHVRQRYAVDPTRIFAT
77,">tr|A0A1C6UVY8|A0A1C6UVY8_9ACTN Esterase, PHB depolymerase family OS=Micromonospora yangpuensis OX=683228 GN=GA0070617_3683 PE=4 SV=1
","[20, 125]",AVVTAPAPASAATLTQVTNFGTNPTNLQMHLYVPDRLAARPGLLLALHYCTGSGPAVHTGFGLSALADRYGFIVVYPSVTRSSKCWDVSSAQALRRGGGSDPVGL
78,">tr|A0A1I2ICF0|A0A1I2ICF0_9ACTN Esterase, PHB depolymerase family OS=Actinoplanes philippinensis OX=35752 GN=SAMN05421541_109392 PE=4 SV=1
","[20, 138]",VVPALRPAYAASLVEVTDFGANPGGMRMHLYAPDNRPAHPAVVVAMHGCGGSGPGFYQQSEFARLADQRGFLVIYPSAQQEAGFGKCFDTWSDAAKRRGGGSDPVSIVSMVTYAQQRY
79,">tr|A0A518WLE5|A0A518WLE5_9ACTN PHB depolymerase family esterase OS=Micromonospora sp. HM134 OX=2583243 GN=FJK98_25305 PE=4 SV=1
","[20, 138]",AAALVVPTLQPAYAASLVEVTNFGDNPGRMRMHIYVPNTRPTNPAIVVAMHGCGGTGPGFYSSSEFASLADRYGYIVIYPSATQQAGFGNCFDTWSDAAKRRGGGSDPVSIVSMINYT
80,">tr|A0A518WGA2|A0A518WGA2_9ACTN PHB depolymerase family esterase OS=Micromonospora sp. HM134 OX=2583243 GN=FJK98_14795 PE=4 SV=1
","[20, 131]",VLVTAQPATAATLTRVTGFGNNPTNLNMYLYAPSTLAPRPALLLLVHYCGGSASGIFNGNGHDYVTAADRYGYLIVVPEATRSGNCFDVSTPAALTRNGGGDSTGIMSMVA
81,">tr|A0A1C6SCS3|A0A1C6SCS3_9ACTN Esterase, PHB depolymerase family OS=Micromonospora aurantiaca OX=47850 GN=GA0070615_0997 PE=4 SV=1
","[20, 142]",AVGAALAVPGPASAAALTEVTNFGANPSNLRMYLYVPDTVAARPGLLVVNHYCTGSGPAMYSGTQFASLADRYGYIVVYPSVTRSSKCFDVSSPQALRRDGGSDPVGIKSMVDHVRQRYPVD
82,">tr|A0A286CAX5|A0A286CAX5_9ACTN Esterase, PHB depolymerase family OS=Streptomyces sp. Ag82_G6-1 OX=1938853 GN=SAMN06272727_0810 PE=4 SV=1
","[20, 141]",VAALLPLLAATALIAPAAAAGEPAPDAARAGAVPAAALTEVTNFGTNPSSLRMYLYVPESVTPKPAVVVAVHWCTGSGPDMYNGTEYDTLADRYGFIVLYPSVTRSSKCFDVSSPQALRRG
83,">tr|A0A4U3MJM1|A0A4U3MJM1_9ACTN PHB depolymerase family esterase OS=Herbidospora galbida OX=2575442 GN=FDA94_07530 PE=4 SV=1
","[20, 136]",AGQPAAAATLTEVTNFGSNPGNLRMHLYVPDNVRPSPAIVLAMHGCGGSGPGFFSGSEFRSLADQYGFIVIYPSASKKGNCFDSWSAASQVRNGGSDPVSLLSMVNYTRQRHNGDA
84,">tr|A0A4U3M8Q2|A0A4U3M8Q2_9ACTN PHB depolymerase family esterase OS=Herbidospora galbida OX=2575442 GN=FDA94_30120 PE=4 SV=1
","[20, 135]",AQAASLVEVTGFGTNPTNLRMHLYVPDNVAQRPAILVAVHYCTGTGPAFYSGTEFASLADRHGFIVIYPSATRSGQCFDVYSSGALTHNGNSDPVGIISMVNYVKSRYNADPNRV
85,">tr|A0A1C5I7K3|A0A1C5I7K3_9ACTN Esterase, PHB depolymerase family OS=Micromonospora zamorensis OX=709883 GN=GA0070619_3054 PE=4 SV=1
","[20, 129]",ALTFPTPASAATLTQVTNFGTNPTNLQMHLYVPDRVATRPAILLAMHYCTGTGPAFHSGTQYASLADRYGFIVIYPSATRSSKCWDVYSPQALRRGGGSDPVGLMSMVE
86,">tr|A0A1C5H6N0|A0A1C5H6N0_9ACTN Esterase, PHB depolymerase family OS=Micromonospora zamorensis OX=709883 GN=GA0070619_1138 PE=4 SV=1
","[20, 141]",VVPAIRPAYAASLTEVTSFGDNPGRMRMHVYVPDNRPARPATVVAMHGCGGSGPGFYSGSEFASLADRYGFIVIYPSATQQAGFGNCFDVWSDAAKRRGGGSDPVSIVSMVRHVQQQYAAD
87,">tr|A0A1C4X329|A0A1C4X329_9ACTN Esterase, PHB depolymerase family OS=Micromonospora matsumotoense OX=121616 GN=GA0070216_104103 PE=4 SV=1
","[20, 125]",AAIAAPTPASAATLTQVTNFGANPSNLQMYLYVPNTVAARPGLLVAVHYCTGSGPAFYSGTQYAALADRYGYIVIYPSVTRSSKCFDVSSPQALRRDGGSDPVGI
88,">tr|A0A1C6S0P6|A0A1C6S0P6_9ACTN Esterase, PHB depolymerase family OS=Micromonospora aurantiaca OX=47850 GN=GA0070615_0241 PE=4 SV=1
","[20, 139]",VIPAVQPAYAASLTEVTSFGDNPGRMRMHVYVPDARPARPATVVAMHGCGGSGPGFYSGSEFAGLADRYGFIVIYPSATQQAGFGNCFDTWSDAAKRRGGGSDPVSLISMVRYVQQQYG
89,">tr|A0A1C5HBZ4|A0A1C5HBZ4_9ACTN Esterase, PHB depolymerase family OS=Micromonospora coxensis OX=356852 GN=GA0070614_1096 PE=4 SV=1
","[20, 136]",AAVSVPAPASAAALTEVTNFGANPSNLRMYLYVPDRVAPQPALVVAVHYCTGTGPAMYSGTRYAALADRYGYLVVYPSVTRSSQCFDVSSPQALRRDGGSDPVGIKSMVDYVRQRY
90,">tr|A0A518WG77|A0A518WG77_9ACTN PHB depolymerase family esterase OS=Micromonospora sp. HM134 OX=2583243 GN=FJK98_14775 PE=4 SV=1
","[20, 125]",AVVTAPNPASAATLTQVTNFGTNPTNLQMHLYVPDRVAARPALLLALHYCTGSGPAVHSTFGLSTLADRYGYIVIYPSVTRSSKCWDVSSPQALRRDGGSDPVGL
91,">tr|A0A518WGK2|A0A518WGK2_9ACTN PHB depolymerase family esterase OS=Micromonospora sp. HM134 OX=2583243 GN=FJK98_15415 PE=4 SV=1
","[20, 128]",AAIAAPTPASAATLTQVTNFGANPSNLQMYLYVPNTVAARPGLLVAVHYCTGSGPAFYSGTQYAALADRYGYIVIYPSVTRSSKCFDVSSPQALRRDGGSDPVGIKSM
92,">tr|A0A1C4WP25|A0A1C4WP25_9ACTN Esterase, PHB depolymerase family OS=Micromonospora haikouensis OX=686309 GN=GA0070558_11727 PE=4 SV=1
","[20, 133]",AVITAATPASAATLTQVTNFGTNPTNLQMHLYVPDRVAARPALLLALHYCTGSGPALHTGYQLSSLADRYGYIVIYPSVTRSSKCWDVSSPQALRRDGGSDPVGLKSMIDYVR
93,">tr|A0A1C6UE30|A0A1C6UE30_9ACTN Esterase, PHB depolymerase family OS=Micromonospora eburnea OX=227316 GN=GA0070604_2490 PE=4 SV=1
","[20, 131]",LAAVAAATPASAAALTEVTNFGTNPSNLRMYLYVPDRVAPQPGLVVAIHYCTGTGPAMYTGTQFAALADRYGYIVVYPSVTRSSQCFDVSSPQALRRDGGSDPVGIVSMVN
94,">tr|A0A1C4WPF6|A0A1C4WPF6_9ACTN Esterase, PHB depolymerase family OS=Micromonospora haikouensis OX=686309 GN=GA0070558_11732 PE=4 SV=1
","[20, 145]",VAPTFQPAYAASLVEVTSFGNNPGRMRMHVYVPDNRPAHPATVIAMHGCGGSGPAFYSGSEFASLADRYGFIVIYPTATQQAGFGNCFDTWSDAAKRHDGGSDPVSLVSMVRYAQQQYGADPERV
95,">tr|A0A1I3UM54|A0A1I3UM54_9CELL Esterase, PHB depolymerase family OS=Cellulomonas sp. KH9 OX=1855324 GN=SAMN05216467_1180 PE=4 SV=1
","[20, 133]",TALALALTGAAQLATAPPAQAASLVEVSGFGSNPGGLRMSLFVPDRLAANPGVLVVVHYCTGSAQAMYNGSQFDELASQHGFIAVYPSTNRPGSCFDVSSTAAMTRDGGSDPQ
96,">tr|A0A1I1NJR0|A0A1I1NJR0_9ACTN Esterase, PHB depolymerase family OS=Streptomyces aidingensis OX=910347 GN=SAMN05421773_107283 PE=4 SV=1
","[20, 130]",GLGLATPAGAASLVEVSDFGSNPGNLRMHLYVPDSRPASPPVLVAMHGCGGSGPGFFQSSEFGSLADRYGFIVIYPTATKSTAMGNCFDVWSDASKRRGGGSDPASIVSM
97,">tr|A0A1I2IJQ9|A0A1I2IJQ9_9ACTN Esterase, PHB depolymerase family OS=Actinoplanes philippinensis OX=35752 GN=SAMN05421541_1104 PE=4 SV=1
","[20, 140]",AAVVLPPPASAAALTEVTGFGANPSNLRMYLYVPDNPAPRPGLLVAVHYCTGTGPAFYSGSQFAALADRYGYIVIYPSVTRSSQCFDVASPQALTRGGGSDPVGIKSMIDYVRARYPVDA
98,">tr|A0A6I5U805|A0A6I5U805_9ACTN PHB depolymerase family esterase OS=Micromonospora terminaliae OX=1914461 GN=GCE86_07200 PE=4 SV=1
","[20, 140]",ALAAVTVPGPAAAAALTEVTGFGANPSNLRMYLYVPDTVAARPGLLVVNHYCTGSGPAMYSGTQFAALADRYGFLVVYPSVTRSSQCFDVSSPQALRRDGGSDPVGIKSMVDYVRQRYPV
99,">tr|A0A1C5GJD9|A0A1C5GJD9_9ACTN Esterase, PHB depolymerase family OS=Micromonospora humi OX=745366 GN=GA0070213_10163 PE=4 SV=1
","[20, 143]",MVPATQPAYAASLTEVTSFGDNPGRMRMHVYVPDNRPARPATVVAMHGCGGSGPGFYSGSEFASLADRYGYIVIYPSATQQAGFGNCFDTWSDAAKRRGGGSDPVSIISMVRYVQQQYGADPD
100,">tr|A0A1H9QUD4|A0A1H9QUD4_9PSEU Esterase, PHB depolymerase family OS=Lentzea albida OX=65499 GN=SAMN04488000_110256 PE=4 SV=1
","[20, 132]",AAVLSVVAAIAFASVPQQAHAASLTRVTGFGTNPTNLNMYVYAPDRLAARPALLLMIHYCTGTASAVHNGGGRDYVSAADRYGFVIVYPEATRDGRCFDVSTQNALRRDGGS
101,">tr|A0A7H8XK48|A0A7H8XK48_9ACTN PHB depolymerase family esterase OS=Micromonospora carbonacea OX=47853 GN=HDA31_003514 PE=4 SV=1
","[20, 144]",VAPSFQPAYAASLVEVTSFGNNPGRMRMHIYVPDNRPARPATVIAMHGCGGSGPAFYSGSEFAPLADRYGFIVIYPTATQQAGFGNCFDTWSDAAKRHDGGSDPVSLVSMVRYAQQQYNADPER
102,">tr|A0A7H8XIL7|A0A7H8XIL7_9ACTN PHB depolymerase family esterase OS=Micromonospora carbonacea OX=47853 GN=HDA31_003509 PE=4 SV=1
","[20, 134]",AVISAAPPASAATLTQVTNFGTNPTNLQMHLYVPDRVAARPPLLLALHYCTGSGPALHTGYQLSSLADRYGYIVIYPSVTRSSKCWDVSSPQALRRDGGSDPVGLKSMIDYVRA
103,">tr|A0A7H8XK14|A0A7H8XK14_9ACTN PHB depolymerase family esterase OS=Micromonospora carbonacea OX=47853 GN=HDA31_003245 PE=4 SV=1
","[20, 138]",AAVTAPAPASAAALTEVTNFGANPSNLRMYLYVPDRVAPRPGLLVAVHYCTGTGPAFFNGAQFDELANQYGYIVVYPSVTRSSQCFDVSSPQALRRDGGSDPVGIKSMIDYVRARYPV
104,">tr|A0A4R7PR75|A0A4R7PR75_9ACTN Esterase, PHB depolymerase family OS=Glycomyces sp. MMG10089 OX=2135788 GN=C8R39_1973 PE=4 SV=1
","[20, 136]",FVTATALIAVMMPKPASAAQLTEVTNFGNNPSSIQMFIYVPDNVSPNPALVLGIHWCGGSAQDFYNGTEWNQLADQYGFIVVYPSVTRASKCWDVSSAASLTGTGSDSVGVKSMVD
105,">tr|A0A1C4YXE9|A0A1C4YXE9_9ACTN Esterase, PHB depolymerase family OS=Micromonospora mirobrigensis OX=262898 GN=GA0070564_104490 PE=4 SV=1
","[20, 125]",ALLTAGPASAATLTQVTTFGPNPTNLNMYVYAPATLAPRPALLLLVHYCGGSASGIFGGNGRDYVTAADRYGYLMVLPEATRSGHCFDVSSPAALRRDGGSDSTG
106,">tr|A0A1C4UNB4|A0A1C4UNB4_9ACTN Esterase, PHB depolymerase family OS=Micromonospora matsumotoense OX=121616 GN=GA0070216_101628 PE=4 SV=1
","[20, 134]",AAALVVPTLPPAYAASLIEVTNFGDNPGRMRMHIYVPDTRPTNPAVIVAMHGCGGTGPGFYSGSEFASLADRYGYIVIYPSATQQAGFGNCFDTWSDAAKRRGGGSDPVSIVSM
107,">tr|A0A1C4X9U6|A0A1C4X9U6_9ACTN Esterase, PHB depolymerase family OS=Micromonospora matsumotoense OX=121616 GN=GA0070216_104239 PE=4 SV=1
","[20, 125]",AVVTAATPASAATLTQVTNFGTNPTNLQMHLYVPDRVAARPALLLALHYCSGSGPAVHSTFGLSTLADRYGYIVIYPSVTRSSKCWDVSSPQALRRGGGSDPVGL
108,">tr|A0A1C4XIF3|A0A1C4XIF3_9ACTN Esterase, PHB depolymerase family OS=Micromonospora saelicesensis OX=285676 GN=GA0070561_3432 PE=4 SV=1
","[20, 147]",VAPTVGPAYAASLTEVTSFGDNPGRMRMHVYVPDNRPTRPAVVVAMHGCGGSGPGFYSGSEFASLADRYGYIVIYPSATQQAGFGNCFDVWSDAAKRRGGGSDPVSIVSMVRYVQQQYAADPERVYA
109,">tr|A0A1C4WA43|A0A1C4WA43_9ACTN Esterase, PHB depolymerase family OS=Micromonospora saelicesensis OX=285676 GN=GA0070561_2518 PE=4 SV=1
","[26, 127]",PASAATLTQVTNFGTNPTNLQMHLYVPDRVAARPAILLAMHYCTGTGPAFHSGTQYASLADRYGFIVIYPSATRSSKCWDVYSPQALRRGGGSDPVGLMSM
110,">tr|A0A1I1QEI4|A0A1I1QEI4_9ACTN Esterase, PHB depolymerase family OS=Micromonospora sediminimaris OX=547162 GN=SAMN05216284_11297 PE=4 SV=1
","[20, 139]",AALSLPTSASAATLTEVTNFGTNPSNLRMYLYVPDRVAPRPGLLVVAHYCTGNGPAMYSGTQYARLADQYGFIVIYPSVTRSSQCFDVYSQQALRRGGGSDPVGIMSMVEHVRSRYSVD
111,">tr|A0A1C4UTZ7|A0A1C4UTZ7_9ACTN Esterase, PHB depolymerase family OS=Micromonospora tulbaghiae OX=479978 GN=GA0070562_2306 PE=4 SV=1
","[20, 141]",VIPTVQPAYAASLTEVTSFGDNPGRMRMHVYVPDARPARPATVVAMHGCGGSGPGFYSGSEFAGLADRYGFIVIYPSATQQAGFGNCFDTWSDAAKRRGGGSDPVSLISMVRYVQQQYGAD
112,">tr|A0A1C4Y8R3|A0A1C4Y8R3_9ACTN Esterase, PHB depolymerase family OS=Micromonospora tulbaghiae OX=479978 GN=GA0070562_0879 PE=4 SV=1
","[20, 140]",AVGAALAVPGPASAAALTEVTNFGTNPSNLRMYLYVPDTVAARPGLLVVNHYCTGSGPAMYSGTQFAALADRYGYIVVYPSVTRSSKCFDVSSPQALRRDGGSDPVGIKSMVDHVRQRYP
113,">tr|A0A1I1Q2E4|A0A1I1Q2E4_9ACTN Esterase, PHB depolymerase family OS=Micromonospora sediminimaris OX=547162 GN=SAMN05216284_11232 PE=4 SV=1
","[20, 146]",VAPTFSPAYAASLTEVTSFGDNPGRMRMHIYVPDNRPARPATVVAMHGCGGSGPGFYSGSEFASQADRYGFIVIYPSATQQAGFGNCFDVWSDAAKRRGGGSDPVSIMSMIRYAQQQHNADPDRVY
114,">tr|A0A6M1L376|A0A6M1L376_9ACTN PHB depolymerase family esterase OS=Verrucosispora sp. CWR15 OX=2499994 GN=ENC19_10700 PE=4 SV=1
","[26, 140]",FGDNPGRMRMHIYVPDNRPARPATVVAMHGCGGSGPGFYSASEFASQADRYGFIVIYPSATQQAGFGNCFDVWSDAAKRRGGGSDPVSIMSMIRYAQQQHNADPDRVYATGSSS
115,">tr|A0A7C9J2D0|A0A7C9J2D0_9ACTN PHB depolymerase family esterase OS=Herbidospora sp. NEAU-GS84 OX=2696284 GN=GT755_13230 PE=4 SV=1
","[20, 136]",AGQPAAAATLTEVTNFGSNPGNLRMHLYVPDNVRPSPAIVLAMHGCGGSGPGFYSSSEFRSLADQYGFIVIYPSASKKGNCFDSWSAASQVRNGGSDPVSLMSMVTYTRQRHNGDA
116,">tr|A0A7C9NDM9|A0A7C9NDM9_9ACTN PHB depolymerase family esterase OS=Herbidospora sp. NEAU-GS84 OX=2696284 GN=GT755_10100 PE=4 SV=1
","[28, 134]",AQAASLVEVTGFGSNPTNLRMHLYVPDNVGPRPAILVAVHYCTGTGPAFYSGTEFASLADRYGFIVIYPSATRSGQCFDVYTSGALTHNGNSDPVGIVSMVNYVKS
117,">tr|A0A5D0N6B3|A0A5D0N6B3_9ACTN PHB depolymerase family esterase OS=Micromonospora sp. AP08 OX=2604467 GN=FXF50_06010 PE=4 SV=1
","[20, 140]",AALAALTAPGSAAAAALTEVTNFGANPSNLRMYLYVPNTVAARPGLLVVNHYCTGSGPAMYSGTQFAALADRYGYLVVYPSVTRSSQCFDVSSPQALRRDGGSDPVGIKSMVDYVRQRYP
118,">tr|A0A5R8YZA4|A0A5R8YZA4_9ACTN PHB depolymerase family esterase OS=Microbispora fusca OX=2576905 GN=FED44_18675 PE=4 SV=1
","[20, 137]",TLVSAQSAAAATLTEVTNFGANPGNLRMHVYVPNTVQSNPAIVLAMHPCGGSGPGFYSSSEFASLADRYGYIVIYPSASKKSNCFDNWSDASKVRGGQTDPVSLMSMITYVEQQYHG
119,">tr|A0A5R9FBQ2|A0A5R9FBQ2_9ACTN PHB depolymerase family esterase OS=Streptomyces montanus OX=2580423 GN=FE633_46090 PE=4 SV=1
","[20, 139]",PAASAAPAAALTEVTNFGANPSNLRMYVYVPNNVAPNPAVLVGVHWCTGSGPDFYNGTEYASLADRYGFIVVYPSVTRSSKCFDVSSPEALRRGGGSDPVGIKSMVDWVTRTYDADTDR
120,">tr|A0A5N6AYN3|A0A5N6AYN3_9ACTN PHB depolymerase family esterase OS=Microbispora catharanthi OX=1712871 GN=FH610_042050 PE=4 SV=1
","[20, 138]",ALTSVLVSAHPAAAATLTEVTNFGANPGNLRMYVYVPNNAQQNPAIVLAMHTCGGTGPGFYSSTEFASLADRYGFIVIYPSASKKMNCFDNWSDASKVRGGQTDPVSLMSMVTYVEQQ
121,">tr|A0A5C4VLR4|A0A5C4VLR4_9ACTN PHB depolymerase family esterase OS=Nonomuraea phyllanthi OX=2219224 GN=FH608_039590 PE=4 SV=1
","[31, 144]",ITAPPAASAQLTEVTGFGTNPTNLRMHLYVPDGVGSRPPLLVAVHYCTGSGPAFYSGTEFASLADRYKFIVIYPSATRSGSCFDVSSPQALRHDGGSDPVGIVSMVRYVQQRY
122,">tr|A0A6H9XIK8|A0A6H9XIK8_9ACTN PHB depolymerase family esterase OS=Micromonospora sp. AMSO1212t OX=2650565 GN=F8279_01195 PE=4 SV=1
","[20, 141]",VIPTVQPAYAASLTEVTSFGDNPGRMRMHVYVPDARPARPATVVAMHGCGGSGPGFYSGSEFAGLADRYGFIVIYPSATQQAGFGNCFDTWSDAAKRRGGGSDPVSLISMVRYVQQQYGAD
123,">tr|A0A4R0GUS2|A0A4R0GUS2_9ACTN PHB depolymerase family esterase OS=Micromonospora zingiberis OX=2053011 GN=E0H26_01715 PE=4 SV=1
","[20, 128]",LAVAGVVLAPSPASAASLVEVTNFGSNPGNMRMHIYVPDARPANPAIVVAMHGCGGSGQGFYSGSEFARLADQYGFVVIYPTATQQAGFGNCFDVWSAAAKRRDGGSD
124,">tr|A0A4R0GP55|A0A4R0GP55_9ACTN PHB depolymerase family esterase OS=Micromonospora zingiberis OX=2053011 GN=E0H26_08940 PE=4 SV=1
","[20, 137]",AALSVPAPASAATLTEVTNFGTNPSNLRMYLYVPDRVAPRPGLLVALHYCTGTGPALHSGTQFAALADRYGYLVVYPSVTRSSQCFDVSSPQALRRGGGSDPVGIMSMVDHVRARYS
125,">tr|A0A505CZ14|A0A505CZ14_9ACTN PHB depolymerase family esterase OS=Streptomyces sporangiiformans OX=2315329 GN=FGD71_045800 PE=4 SV=1
","[20, 143]",PAASASTSAPARTEPPTAARTAAPTTPPAATAPTAALTEVTNFGANPSNLRMYVYVPDNVTPNPAVLVGVHWCTGSGPDFYNGTEYASLADRYGFIVVYPSVTRSSKCFDVSSPEALRRGGGS
126,">tr|A0A544XAL5|A0A544XAL5_9ACTN PHB depolymerase family esterase OS=Microbispora bryophytorum OX=1460882 GN=FLX07_32080 PE=4 SV=1
","[20, 135]",ALASVLVSAHPAAAATLTEVTNFGANPGNLRMYVYVPNSAQQNPAIVLAMHTCGGTGPGFYSSTEFASLADRYGFIVIYPSASKKANCFDNWSEASKVRGGQTDPVSLMSMVTYV
127,">tr|A0A505HIM2|A0A505HIM2_9ACTN PHB depolymerase family esterase OS=Micromonospora sp. XM-20-01 OX=2583240 GN=FJ969_09645 PE=4 SV=1
","[20, 141]",VIPTVQPAYAASLAEVTSFGDNPGRMRMHVYVPDNRPSRPATVVAMHGCGGSGPGFYSGSEFAGLADRYGFIVIYPSATQQAGFGNCFDTWSDAAKRRGGGSDPVSLISMVRYVQQQYGAD
128,">tr|A0A5D0P5T4|A0A5D0P5T4_9ACTN PHB depolymerase family esterase OS=Microbispora tritici OX=2604471 GN=FXF59_25115 PE=4 SV=1
","[20, 137]",TLVSAQSAAAATLTEVTNFGANPGNLRMHVYVPNTVQSNPAIVLAMHPCGGSGPGFYSSSEFASLADRYGYIVIYPSASKKSNCFDNWSDASKVRGGQTDPVSLMSMITYVEQQYHG
129,">tr|A0A5P9Z1J0|A0A5P9Z1J0_9ACTN PHB depolymerase family esterase OS=Nonomuraea nitratireducens OX=2656914 GN=GBF35_38970 PE=4 SV=1
","[31, 144]",ITAPPAASAQLTEVTGFGTNPTNLRMHLYVPDGVGSRPPLLVAVHYCTGSGPAFYSGTEFASLADRYKFIVIYPSATRSGSCFDVSSPQALRHDGGSDPVGIVSMVRYVQQRY
130,">tr|A0A5J5JWD4|A0A5J5JWD4_9ACTN PHB depolymerase family esterase OS=Microbispora cellulosiformans OX=2614688 GN=F5972_26145 PE=4 SV=1
","[20, 144]",TLVSAQSAAAATLTEVTNFGANPGNLRMYVYVPNGVQSNPAIVLAMHPCGGSGPGFYSSSEFASLADRYGYIVIYPSASKKGNCFDNWSDASKVRGGQTDPVSLMSMITYVENQYHGDPNRVFA
131,">tr|A0A6N9XRT0|A0A6N9XRT0_9ACTN PHB depolymerase family esterase OS=Micromonospora aurantiaca OX=47850 GN=G3I24_13745 PE=4 SV=1
","[20, 141]",AVGAALAVPGPASAAALTEVTNFGTNPSNLRMYLYVPDTVAARPGLLVVNHYCTGSGPAMYSGTQFAALADRYGYIVVYPSVTRSSKCFDVSSPQALRRDGGSDPVGIKSMVDYVRQRYPV
132,">tr|A0A6N9XQ02|A0A6N9XQ02_9ACTN PHB depolymerase family esterase OS=Micromonospora aurantiaca OX=47850 GN=G3I24_00950 PE=4 SV=1
","[26, 139]",PAYAASLTEVTSFGDNPGRMRMHVYVPDARPARPATVVAMHGCGGSGPGFYSGSEFAGLADRYGFIVIYPSATQQAGFGNCFDTWSDAAKRRGGGSDPVSLISMVRYVQQQYG
133,">tr|A0A4R4QU01|A0A4R4QU01_9ACTN PHB depolymerase family esterase OS=Micromonospora sp. KC213 OX=2530378 GN=E1166_17110 PE=4 SV=1
","[20, 132]",GIVLSQPASAAALTEVTNFGNNPGGMRMHIYVPDSRPANPGIVVAMHGCGGSGPGFYSSSEFASLADRHGFIVIYPSAQQEAGFGKCFDTWSDAAKRRGGGSDPVSLVSMVN
134,">tr|A0A544Y3I5|A0A544Y3I5_9ACTN PHB depolymerase family esterase OS=Microbispora sp. SCL1-1 OX=2592812 GN=FLW53_24040 PE=4 SV=1
","[20, 142]",ALVSVVVSAHPAAAATLTEVTGFGANPGNLRMHLYVPNNVQQNPPIVLAMHTCGGSGPGFYSSTEFASLADRYGFIVIYPSASKKMNCFDNWSEASKVRGGQTDPVSLMSMITYVEQQYHGD
135,">tr|A0A544Y2V9|A0A544Y2V9_9ACTN PHB depolymerase family esterase OS=Microbispora hainanensis OX=568844 GN=FLX08_37465 PE=4 SV=1
","[20, 137]",ALVSVVVSAHPAAAATLTEVTGFGANPGNLRMHLYVPNNVQQNPPIVLAMHTCGGSGPGFYSSTEFASLADRYGFIVIYPSASKKMNCFDNWSEASKVRGGQTDPVSLMSMITYVEQ
136,">tr|A0A6M1LCF5|A0A6M1LCF5_9ACTN PHB depolymerase family esterase OS=Verrucosispora sp. CWR15 OX=2499994 GN=ENC19_26270 PE=4 SV=1
","[20, 128]",AALSLPTSASAATLTEVTNFGTNPSNLRMYLYVPDRVAPRPGLLVVVHYCTGSGPAMYSGTQYARLADQYGYIVIYPSVTRSSQCFDVYSQQALRRGGGSDPVGIMSM
137,">tr|A0A544ZH45|A0A544ZH45_9ACTN PHB depolymerase family esterase OS=Microbispora sp. KK1-11 OX=2053005 GN=FLW16_15935 PE=4 SV=1
","[20, 140]",ALVSVLVSAHPAAAATLTEVTNFGANPGNLRMYVYVPNSAQQNPPIVLAMHTCGGTGPGFYSSTEFASLADRYGFIVIYPSASKKMNCFDNWSDASKVRGGQTDPVSLMSMVTYVEQQYH
138,">tr|A0A4R5EMA7|A0A4R5EMA7_9ACTN PHB depolymerase family esterase OS=Nonomuraea mesophila OX=2530382 GN=E1295_35775 PE=4 SV=1
","[20, 139]",GLITASPASSAQLTEVTGFGANPTGLRMHLYVPDGVPARPAVLVAVHYCTRSGPAFHSGTEFASLADRHKFVVIYPSATRSGSCFDVSSPQALRHDGGSDPAGIVSMVRYVQQRHGGDP
139,">tr|A0A6B2VCY3|A0A6B2VCY3_9ACTN PHB depolymerase family esterase OS=Streptomyces sp. SID10815 OX=2706027 GN=G3I35_22825 PE=4 SV=1
","[20, 130]",PLLAALTLAAPAARAAALTEVTGFGANPSDLRMYVYRPDSAPAHPAVVVAVHYCTGSGPAFYSGTEFAALADRYGFLVVYPSATREGGCFDVSSPQALRRGGGSDPVGIL
140,">tr|A0A1I0G1E9|A0A1I0G1E9_THASX Esterase, PHB depolymerase family OS=Thalassotalea agarivorans OX=349064 GN=SAMN05660429_02313 PE=4 SV=1
","[20, 144]",ATANAGDWQQNVSLGGFNNVHIYTPDTQSTIGDGQALLIVLHGCTQSIDAYLNANLEDAAEAHGMVIAVPDAVNKAGFSCWSYWQGAINRNSGDYRNLVNLANAMSSDSNRNIDPDQVYIAGLS
141,">tr|A0A6G3WYP8|A0A6G3WYP8_9ACTN PHB depolymerase family esterase OS=Streptomyces sp. SID7499 OX=2706086 GN=G3M58_29245 PE=4 SV=1
","[20, 147]",PAAAAGEPARDATRAGAVPAAALTEVTNFGTNPSNLRMYLYVPESVTPKPAIVVAVHWCTGSGPDMYNGTEYDTLADRYGFIVLYPSVTRSSKCFDVSSPQALRRGGGSDPVGIKSMIDWTTRTYDA
142,">tr|C7QAJ7|C7QAJ7_CATAD Esterase, PHB depolymerase family OS=Catenulispora acidiphila (strain DSM 44928 / JCM 14897 / NBRC 102108 / NRRL B-24433 / ID139908) OX=479433 GN=Caci_3591 PE=4 SV=1
","[20, 144]",AVAVSLPAAPQAAAASLTQVTNFGTNPSNLAMYVYVPNNVKPNPSILLAMHGCQGTASYMYSSTDFGKLADQYGFIVIYPQTNPSGSCWDVSSDQALKRNGGSDPVGLMSMITYTEQHYGGNAN
143,">tr|A0A7D5YAF5|A0A7D5YAF5_9ACTN PHB depolymerase family esterase OS=Micromonospora carbonacea OX=47853 GN=HZU44_16820 PE=4 SV=1
","[24, 144]",APAPASAAALTEVTNFGANPSNLRMYLYVPDNVAPRPGLLVAVHYCTGTGPAFFNGAQFDELANRYGYIVIYPSVTRSSQCFDVSSPQALRRDGGSDPVGIKSMIDYVRARYPVDANRIF
144,">tr|A0A7D6C5Q5|A0A7D6C5Q5_9ACTN PHB depolymerase family esterase OS=Micromonospora carbonacea OX=47853 GN=HZU44_17740 PE=4 SV=1
","[20, 143]",VAPTLQPAYAASLTEVTSFGDNPGRMRMHIYVPDSRPARPATVVAMHPCGGSGPAFYSGSEFAALADRYGFIVIYPTATQQAGFGNCFDTWSDAAKRRGGGSDPVSIVSMTRYAQQQYGADPD
145,">tr|A0A4Q6J8D3|A0A4Q6J8D3_9GAMM PHB depolymerase family esterase OS=Pseudoalteromonas sp. MEBiC 03485 OX=2571103 GN=EVU92_19260 PE=4 SV=1
","[20, 129]",FCAAIFSQPSFAGSWQQNVSIGGFNNVHIYTPDTQSSIGSGHSLMLVLHGCVQPINNYLTANLEDAAEAHGMVIAVPDAMNKAGYSCWSYWQGTINRSSGDYKNLINLA
146,">tr|A0A537RTI7|A0A537RTI7_9PROT PHB depolymerase family esterase OS=Alphaproteobacteria bacterium OX=1913988 GN=E6G91_10305 PE=4 SV=1
","[20, 120]",LLSSAVKRGGGQPSVPGRLREVAGFGTNPGSLRMLAYVPKDLAKPRALVVALHGCTQTAAVYDHGSGWSTLADTHGFAVLFPEQQRANNPNNCFNWFLPP
147,">tr|A0A7H8Q1C1|A0A7H8Q1C1_9GAMM PHB depolymerase family esterase OS=Microbulbifer sp. YPW1 OX=2745199 GN=HUW35_16300 PE=4 SV=1
","[20, 143]",GFFAMAASAGSWQQGQSIGGFNSVHVYTPDSVSSIGDGKALLIVLHGCVQPTNNFLTANLEVAAEQYGMVIAVPDAMNKAGYSCWSYWQGTKSRSSGDYKNLISLANAMSGDASRNIDPDQVY
148,">tr|C5BMW0|C5BMW0_TERTT Esterase, PHB depolymerase family OS=Teredinibacter turnerae (strain ATCC 39867 / T7901) OX=377629 GN=TERTU_0446 PE=4 SV=1
","[20, 132]",LSPLWANAQVAAGVLTEITNFGDNPTELGMHLYVPENLENNAPVLLAMHYCGGSGPAFFNGTQFDELADQYGYIVIYPSEPDTAARNNTNCFDASSDASLNGTGSDPIGLMS
149,">tr|D0LH02|D0LH02_HALO1 Esterase, PHB depolymerase family OS=Haliangium ochraceum (strain DSM 14365 / JCM 11303 / SMP-2) OX=502025 GN=Hoch_2179 PE=4 SV=1
","[20, 144]",AAIGAFLATTAFASSASAASLQRVSSFGSNPGNLIMYRYVPDNLPANAPLVVAMHGCTQSASAYHSGSGWAKMADLHGFAVVFPEQQSSNNSNRCFNWFESGDINRGQGEARSIVSMVDYMVGN
150,">tr|Q47TU4|Q47TU4_THEFY Esterase, PHB depolymerase OS=Thermobifida fusca (strain YX) OX=269800 GN=Tfu_0082 PE=4 SV=1
","[20, 144]",GLGAALLGTTALAPRAEAATLTQVSAFGSNPGNLNMYVYRPATLPDNAPLVVLLHGCSQDAATYHAHSGWAKYADSLGFALVYAEQKSANNSSSCFNWFQKSDTARGSGEAQSIRSMVDYAVRT
151,">tr|D7B6U6|D7B6U6_NOCDD Esterase, PHB depolymerase family OS=Nocardiopsis dassonvillei (strain ATCC 23218 / DSM 43111 / CIP 107115 / JCM 7437 / KCTC 9190 / NBRC 14626 / NCTC 10488 / NRRL B-5397 / IMRU 509) OX=446468 GN=Ndas_0048 PE=4 SV=1
","[20, 125]",ATLATVAVMVAALLIALAPRASAATLTPVPSFGANPGNLAMHSYVPDGLPADAPLVVLLHGCAQNAAAYHDHSGWAGYADEHGFALVYPEQRPANNATGCFNWFQ
152,">tr|A0A0G3EG56|A0A0G3EG56_9BACT Esterase, PHB depolymerase family OS=Kiritimatiella glycovorans OX=1307763 GN=L21SP4_02209 PE=4 SV=1
","[20, 119]",QGGSRLRKGFERLDANKDGQLSATELKTVPRLESRLEGADQDNDGLLSFREFAGAIARSMRRPAQPEEAGGAFGAGDRIRTIDVEGQERRYQVHVPPNY
153,">tr|A0A1V2MM27|A0A1V2MM27_9ACTN Esterase PHB depolymerase OS=Streptomyces sp. IB2014 011-1 OX=1844478 GN=STIB_54680 PE=4 SV=1
","[20, 138]",RWSRTVSALAAAVTLATGAALLSPATEARAAAAPTAGAQAATAAPAAAPRAAALERVADFGANPGALTMYVHRPATLPAKAPVVVALHGCTQSAQLYADNSGLNTFADRHGFLVVYAE
154,">tr|A0A7H8XQL5|A0A7H8XQL5_9ACTN Feruloyl esterase OS=Micromonospora carbonacea OX=47853 GN=HDA31_001309 PE=4 SV=1
","[20, 163]",AAAALVAVVAAPARAATLTQVTGFGTNPGNLAMYAYRPDGLPANAPAVVLLHGCTQNAAGYVANSGWQKYADQWKFALIVPQQSTANQALTCFNWFTEGDIARGRGEAASIAQMVGYAKTTYGLDGSRIAISGLSAGGAMVSV
155,">tr|L7EX47|L7EX47_9ACTN Esterase, PHB depolymerase family protein OS=Streptomyces turgidiscabies Car8 OX=698760 GN=STRTUCAR8_00800 PE=4 SV=1
","[20, 130]",LAGLLPLLAATFLTAPAAAARTEPAAAPAAAAAALTEVTNFGANPSNLQMYVYVPDSVTTRPAVLVAVHWCTGSGPVFYSNTEYASLADRYGFIVIYPSVTRSSKCFDVS
156,">tr|A0A285D0V7|A0A285D0V7_STRMI Esterase, PHB depolymerase family OS=Streptomyces microflavus OX=1919 GN=SAMN05421860_101636 PE=4 SV=1
","[20, 164]",LLAVLGAHPAPAVAAPTAAAAAGLQQVTGFGSNPGNLQMFAYTPDGVPAGAPLVVALHGCTQSANAYYTNSGWTKYADLWGFDVVFPQTTSANNALSCFGWFDPADSTRGRGEAASVVQMVEYAKQTYGSDGRRVFVTGLSAGG
157,">tr|A0A4P7DT92|A0A4P7DT92_9ACTN PHB depolymerase family esterase OS=Streptomyces sp. S501 OX=2420135 GN=D7Y56_09860 PE=4 SV=1
","[20, 166]",AAAAGLQQVTGFGSNPGNLQMFAYTPDGVPAGAPLVVALHGCTQSANAYYTNSGWTKYADLWGFDVVFPQTTSANNALSCFGWFDPADSTRGRGEAASVVQMVEYAKQTYGSDGRRVFVTGLSAGGGMTADLLAAYPDVFAGGSVA
158,">tr|A0A6G2SKF9|A0A6G2SKF9_9ACTN PHB depolymerase family esterase OS=Streptomyces sp. SID7815 OX=2690332 GN=GTW50_22690 PE=4 SV=1
","[20, 164]",LLAVLGAHPAPAVAAPTAAAAAGLQQVTGFGSNPGNLQMFAYTPDGVPAGAPLVVALHGCTQSANAYYTNSGWTKYADLWGFDVVFPQTTSANNALSCFGWFDPADSTRGRGEAASVVQMVEYAKQTYGSDGRRVFVTGLSAGG
159,">tr|A0A6I6FG26|A0A6I6FG26_9ACTN PHB depolymerase family esterase OS=Streptomyces ficellus OX=1977088 GN=EIZ62_31290 PE=3 SV=1
","[20, 153]",PVGGAAPRPGRLVAALLVLLLAFGAVLTAPAPAARAAAMGLTRVTAFGANPGALAMYVYRPASLPAGAPVVVALHGCTQSAQAYADHSGLAEFADRHGFLLVLAEQPAANNANRCFNWFQPSDSRRGQGEAAS
160,">tr|B2AJA4|B2AJA4_CUPTR Poly(3-hydroxybutyrate) depolymerase (PHB depolymerase) OS=Cupriavidus taiwanensis (strain DSM 17343 / BCRC 17206 / CCUG 44338 / CIP 107171 / LMG 19424 / R1) OX=977880 GN=phaZ7 PE=4 SV=1
","[49, 136]",GAFSLHAATAGPGAWSSEQTWASDAVNGGNLTGYFYWPASQPSTPNGKRALVLVLHGCLQTASGDVINNASGTGFNWKSIGDQYGAV
161,">tr|B2AJ22|B2AJ22_CUPTR Poly(3-hydroxybutyrate) depolymerase (PHB depolymerase) OS=Cupriavidus taiwanensis (strain DSM 17343 / BCRC 17206 / CCUG 44338 / CIP 107171 / LMG 19424 / R1) OX=977880 GN=phaZ6 PE=4 SV=1
","[20, 140]",GAFSLHAATAGPGAWSSEQTWASDAVNGGNLTGYFYWPASQPSTPNGKRALVLVLHGCLQTASGDVINNASGTGFNWKSIGDQYGAVILAPNASGNVYFKHCWDYANASPSRTAGHVGVL
162,">tr|A0A375JDI1|A0A375JDI1_9BURK Poly(3-hydroxybutyrate) depolymerase (PHB depolymerase) OS=Cupriavidus taiwanensis OX=164546 GN=phaZ PE=4 SV=1
","[20, 140]",GAFSLHAATAGPGTWSREQTWASDAVNGGNLTGYFYWPASQPSTPNGKRALVLVLHGCLQTASGDVVNNASGTGFNWKSIGDQYGAVILAPNASGNVYFKHCWDYANASPSRTAGHVGVL
163,">tr|Q5YEW3|Q5YEW3_9BURK PHB depolymerase OS=Schlegelella sp. KB1a OX=276757 GN=phaZ PE=4 SV=1
","[20, 120]",ATQAASPLPRLNVDKTQISVSGLSAGGFMANQLGYAYSGTFMGVGIFAGGPYMCAGHSNYTSCMYNATITSSMRSAMQASIDNWSGAHIDPKAHVANQRV
164,">tr|A0A375F6A6|A0A375F6A6_9BURK Poly(3-hydroxybutyrate) depolymerase OS=Cupriavidus taiwanensis OX=164546 GN=phaZ PE=4 SV=1
","[20, 140]",GAFSLHAATAGPGAWSSEQTWASDAVNGGNLTGYFYWPASQPSTPNGKRALVLVLHGCLQTASGDVINNASGTGFNWKSIGDQYGAVILAPNASGNVYFKHCWDYANASPSRTAGHVGVL
165,">tr|A0A375ECL0|A0A375ECL0_9BURK Poly(3-hydroxybutyrate) depolymerase OS=Cupriavidus taiwanensis OX=164546 GN=phaZ PE=4 SV=1
","[20, 133]",GAFSLHAATAGPGTWSSEQTWASDAVNGGNLTGYFYWPASQPSTPNGKRALVLVLHGCLQTASGDVINNASGSGFNWKSIGDQYGAVILAPNASGNVYFKHCWDYANASPSRT
166,">tr|Q3JUK4|Q3JUK4_BURP1 Intracellular PHB depolymerase OS=Burkholderia pseudomallei (strain 1710b) OX=320372 GN=phaZ PE=4 SV=1
","[31, 85]",SPLSLVPGATRLAAGYELLYRLGKDYEKPEFGIHQIVKDGHNIPIVEQTIIEKP
167,">tr|A3NSZ4|A3NSZ4_BURP0 Intracellular poly[D(-)-3-hydroxybutyrate] (PHB) depolymerase OS=Burkholderia pseudomallei (strain 1106a) OX=357348 GN=phaZ PE=4 SV=1
","[31, 87]",SPLSLVPGATRLAAGYELLYRLGKDYEKPEFGIHQIVKDGHNIPIVEQTIIEKPFC
168,">tr|A8EG00|A8EG00_BURPE Intracellular poly[D(-)-3-hydroxybutyrate] (PHB) depolymerase OS=Burkholderia pseudomallei 406e OX=360118 GN=phaZ PE=4 SV=1
","[31, 86]",SPLSLVPGATRLAAGYELLYRLGKDYEKPEFGIHQIVKDGHNIPIVEQTIIEKPF
169,">tr|B1HBG5|B1HBG5_BURPE Intracellular poly[D(-)-3-hydroxybutyrate] (PHB) depolymerase OS=Burkholderia pseudomallei S13 OX=320374 GN=phaZ PE=4 SV=1
","[31, 86]",SPLSLVPGATRLAAGYELLYRLGKDYEKPEFGIHQIVKDGHNIPIVEQTIIEKPF
170,">tr|A0A140JTI8|A0A140JTI8_9GAMM PHB depolymerase OS=Shewanella sp. JKCM-AJ-6,1A OX=1775939 GN=phaZ PE=4 SV=1
","[20, 136]",SSLTYAGSWQQNVAIGGFNKVHIYTPDTDAKVSDGKALMLVLHGCVQPINNYLTANLEQAAEAHGMVIAVPDAMNKAGYSCWSYWQGSINRTSGDYKNLINLANALSGDVNRHIDP
171,">tr|A0A0N1G0W0|A0A0N1G0W0_9ACTN Esterase, PHB depolymerase family OS=Actinobacteria bacterium OK006 OX=1592326 GN=OK006_5693 PE=4 SV=1
","[20, 141]",ALFTVPQSASAASLTQVTGFGSNPGSLSMYTYVPDHLPSGAPVVVALHGCTQSASDYYSHSGWPKYADLYGFALVFPQTSSANNANSCFNWYQSGDYTRGQGEALSIKQMVDYAKTQYGSD
172,">tr|A0A6I1QCR7|A0A6I1QCR7_PARAM PHB depolymerase family esterase OS=Paraburkholderia atlantica OX=2654982 GN=GCT19_35105 PE=4 SV=1
","[20, 151]",TTPALAAVTPGPGTWSGQQIWATDSVNGGNLTGYYYWPASQPTTPNGQRALILVLHGCLQTASGDVINSSSAAGFNWKAIADQYGAIILAPNATGNVYSNHCWDYANTSPSRGTGHVGVLLDLVNRFVSNS
